<?xml version="1.0" encoding="UTF-8"?>
<!DOCTYPE log4j:configuration SYSTEM "log4j.dtd">

<!-- ===================================================================== -->
<!--                                                                       -->
<!--  Log4j Configuration                                                  -->
<!--                                                                       -->
<!-- ===================================================================== -->

<!-- $Id: log4j.xml,v 1.1.1.1 2005/11/12 20:08:29 gmoran Exp $ -->

<!--
   | For more configuration information and examples see the Jakarta Log4j
   | owebsite: http://jakarta.apache.org/log4j
 -->

<log4j:configuration xmlns:log4j="http://jakarta.apache.org/log4j/" debug="false">

   <!-- ================================= -->
   <!-- Preserve messages in a local file -->
   <!-- ================================= -->

   <!-- A time/date based rolling appender -->
   <appender name="PENTAHOFILE" class="org.apache.log4j.DailyRollingFileAppender">

      <param name="File" value="pentaho.log"/>
      <param name="Append" value="false"/>

      <!-- Rollover at midnight each day -->
      <param name="DatePattern" value="'.'yyyy-MM-dd"/>

      <!-- Rollover at the top of each hour
      <param name="DatePattern" value="'.'yyyy-MM-dd-HH"/>
      -->

      <layout class="org.apache.log4j.PatternLayout">
         <!-- The default pattern: Date Priority [Category] Message\n -->
         <param name="ConversionPattern" value="%d %-5p [%c] %m%n"/>

         <!-- The full pattern: Date MS Priority [Category] (Thread:NDC) Message\n
         <param name="ConversionPattern" value="%d %-5r %-5p [%c] (%t:%x) %m%n"/>
          -->
      </layout>
   </appender>

   <!-- ============================== -->
   <!-- Append messages to the console -->
   <!-- ============================== -->

   <appender name="PENTAHOCONSOLE" class="org.apache.log4j.ConsoleAppender">
      <param name="Target" value="System.out"/>
      <param name="Threshold" value="ERROR"/>

      <layout class="org.apache.log4j.PatternLayout">
         <!-- The default pattern: Date Priority [Category] Message\n -->
         <param name="ConversionPattern" value="%d{ABSOLUTE} %-5p [%c{1}] %m%n"/>
      </layout>
   </appender>

   <!-- ================ -->
   <!-- Limit categories -->
   <!-- ================ -->

   <category name="org.hibernate">
     <priority value="ERROR" />
     <appender-ref ref="PENTAHOFILE"/>
   </category>

   <category name="net.sf.ehcache">
     <priority value="ERROR" />
     <appender-ref ref="PENTAHOFILE"/>
   </category>

   <category name="org.quartz">
     <priority value="ERROR" />
     <appender-ref ref="PENTAHOFILE"/>
   </category>

   <category name="org.springframework">
     <priority value="ERROR"/>
     <appender-ref ref="PENTAHOFILE"/>
   </category>

   <category name="org.acegisecurity">
     <priority value="ERROR"/>
     <appender-ref ref="PENTAHOFILE"/>
   </category>

   <category name="org.pentaho.util.logging.Logger">
     <priority value="FATAL"/>
     <appender-ref ref="PENTAHOFILE"/>
   </category>

   <category name="org.pentaho">
     <priority value="ERROR"/>
     <appender-ref ref="PENTAHOFILE"/>
   </category>

   <category name="com.pentaho">
     <priority value="ERROR"/>
     <appender-ref ref="PENTAHOFILE"/>
   </category>

   <category name="org.jfree">
     <priority value="ERROR"/>
     <appender-ref ref="PENTAHOFILE"/>
   </category>

   <!-- ======================= -->
   <!-- Setup the Root category -->
   <!-- ======================= -->

   <root>
      <priority value="WARN" />
      <appender-ref ref="PENTAHOCONSOLE"/>
      <appender-ref ref="PENTAHOFILE"/>
   </root>

</log4j:configuration>