<launch4jConfig>
  <dontWrapJar>true</dontWrapJar>
  <headerType>gui</headerType>
  <jar>launcher\launcher-1.0.0.jar</jar>
  <outfile>C:\ReportDesigner.exe</outfile>
  <errTitle>Java upgrade required</errTitle>
  <cmdLine>org.pentaho.reportdesigner.crm.report.ReportDialog</cmdLine>
  <chdir></chdir>
  <priority>normal</priority>
  <downloadUrl>http://java.com/download</downloadUrl>
  <supportUrl></supportUrl>
  <customProcName>false</customProcName>
  <stayAlive>false</stayAlive>
  <manifest></manifest>
  <icon>E:\development-reporting\pentaho-reportdesigner\resources\pentaho_icon.ico</icon>
  <jre>
    <path></path>
    <minVersion>1.5.0</minVersion>
    <maxVersion></maxVersion>
    <jdkPreference>preferJre</jdkPreference>
    <initialHeapSize>256</initialHeapSize>
    <maxHeapSize>768</maxHeapSize>
    <opt>-XX:MaxPermSize=256M -Dswt.swing.laf=com.sun.java.swing.plaf.windows.WindowsLookAndFeel</opt>
  </jre>
</launch4jConfig>