<?xml version='1.0' encoding='utf-8'?>
<!DOCTYPE hibernate-configuration
  PUBLIC "-//Hibernate/Hibernate Configuration DTD//EN"
  "http://hibernate.sourceforge.net/hibernate-configuration-3.0.dtd">
<hibernate-configuration>
  <session-factory name="java:Pentaho/SessionFactory" >
	<!-- CacheProviderClass -->  
  
    <property name="connection.datasource">Hibernate</property>
    <property name="dialect">org.hibernate.dialect.HSQLDialect</property>
    <property name="transaction.factory_class">org.hibernate.transaction.JTATransactionFactory</property>
    <property name="transaction.manager_lookup_class">org.hibernate.transaction.JBossTransactionManagerLookup</property>
    <property name="show_sql">false</property>
    <property name="session_factory_name">hibernate/HibernateFactory</property>
  </session-factory>
</hibernate-configuration>
