<?xml version="1.0" encoding="UTF-8"?>
<!DOCTYPE report PUBLIC "-//JFreeReport//DTD report definition//EN//simple/version 0.8.5" "http://jfreereport.sourceforge.net/report-085.dtd">

<report name="JFreeReport-WizardReport" orientation="landscape" pageformat="LETTER" leftmargin="10" rightmargin="10" topmargin="10" bottommargin="10">
  <configuration/>
  <parser-config/>
  <groups>
    <group name="dummy">
      <groupheader repeat="true" height="20" color="#000000" fontname="SansSerif" fontsize="11" fontstyle="bold">
        <band name="DummyGroupNoDataBandElement">
          <label height="14" vertical-alignment="middle" alignment="left" width="100%" x="0%" y="0">No Data Available</label>
        </band>
        <band name="DummyGroupDataBandElement" y="2" height="20">
          <rectangle color="#C0C0C0" draw="false" fill="true" height="18" width="100%" x="0%" y="0"/>
          <label color="#000000" fontname="SansSerif" fontsize="12" fontstyle="bold" height="18" vertical-alignment="middle" alignment="left" width="11.11111111111111%" x="0.0%" y="0">PRODUCTCODE</label>
          <label color="#000000" fontname="SansSerif" fontsize="12" fontstyle="bold" height="18" vertical-alignment="middle" alignment="left" width="11.11111111111111%" x="11.11111111111111%" y="0">PRODUCTNAME</label>
          <label color="#000000" fontname="SansSerif" fontsize="12" fontstyle="bold" height="18" vertical-alignment="middle" alignment="left" width="11.11111111111111%" x="22.22222222222222%" y="0">PRODUCTLINE</label>
          <label color="#000000" fontname="SansSerif" fontsize="12" fontstyle="bold" height="18" vertical-alignment="middle" alignment="left" width="11.11111111111111%" x="33.33333333333333%" y="0">PRODUCTSCALE</label>
          <label color="#000000" fontname="SansSerif" fontsize="12" fontstyle="bold" height="18" vertical-alignment="middle" alignment="left" width="11.11111111111111%" x="44.44444444444444%" y="0">PRODUCTVENDOR</label>
          <label color="#000000" fontname="SansSerif" fontsize="12" fontstyle="bold" height="18" vertical-alignment="middle" alignment="left" width="11.11111111111111%" x="55.55555555555556%" y="0">PRODUCTDESCRIPTION</label>
          <label color="#000000" fontname="SansSerif" fontsize="12" fontstyle="bold" height="18" vertical-alignment="middle" alignment="right" width="11.11111111111111%" x="66.66666666666667%" y="0">QUANTITYINSTOCK</label>
          <label color="#000000" fontname="SansSerif" fontsize="12" fontstyle="bold" height="18" vertical-alignment="middle" alignment="right" width="11.11111111111111%" x="77.77777777777779%" y="0">BUYPRICE</label>
          <label color="#000000" fontname="SansSerif" fontsize="12" fontstyle="bold" height="18" vertical-alignment="middle" alignment="right" width="11.1111111111111%" x="88.8888888888889%" y="0">MSRP</label>
        </band>
      </groupheader>
      <groupfooter name="dummyGroupFooter" color="#000000" fontname="SansSerif" fontsize="11" fontstyle="bold">
        <rectangle color="#e0d0c0" draw="false" fill="true" height="16" width="100%" y="1" x="0%"/>
        <number-field fieldname="Summary_QUANTITYINSTOCKExpression" height="15" vertical-alignment="middle" alignment="right" width="11.11111111111111%" x="66.66666666666667%" y="2"/>
        <number-field fieldname="Summary_BUYPRICEExpression" height="15" vertical-alignment="middle" alignment="right" width="11.11111111111111%" x="77.77777777777779%" y="2"/>
        <number-field fieldname="Summary_MSRPExpression" height="15" vertical-alignment="middle" alignment="right" width="11.1111111111111%" x="88.8888888888889%" y="2"/>
        <message-field height="15" x="0%" width="66.66666666666667%" y="2" alignment="left" vertical-alignment="middle">Grand Total</message-field>
      </groupfooter>
    </group>
  </groups>
  <items color="#000000" fontname="SansSerif" fontsize="9" fontstyle="bold">
    <rectangle name="rowBandingElement" color="#E0E0E0" draw="false" fill="true" height="14" x="0%" width="100%" y="0"/>
    <string-field name="PRODUCTCODEElement" nullstring="-" fieldname="PRODUCTCODE" vertical-alignment="middle" alignment="left" width="11.11111111111111%" x="0.0%" y="0" height="14" color="#000000" fontname="SansSerif" fontsize="9"/>
    <string-field name="PRODUCTNAMEElement" nullstring="-" fieldname="PRODUCTNAME" vertical-alignment="middle" alignment="left" width="11.11111111111111%" x="11.11111111111111%" y="0" height="14" color="#000000" fontname="SansSerif" fontsize="9"/>
    <string-field name="PRODUCTLINEElement" nullstring="-" fieldname="PRODUCTLINE" vertical-alignment="middle" alignment="left" width="11.11111111111111%" x="22.22222222222222%" y="0" height="14" color="#000000" fontname="SansSerif" fontsize="9"/>
    <string-field name="PRODUCTSCALEElement" nullstring="-" fieldname="PRODUCTSCALE" vertical-alignment="middle" alignment="left" width="11.11111111111111%" x="33.33333333333333%" y="0" height="14" color="#000000" fontname="SansSerif" fontsize="9"/>
    <string-field name="PRODUCTVENDORElement" nullstring="-" fieldname="PRODUCTVENDOR" vertical-alignment="middle" alignment="left" width="11.11111111111111%" x="44.44444444444444%" y="0" height="14" color="#000000" fontname="SansSerif" fontsize="9"/>
    <string-field name="PRODUCTDESCRIPTIONElement" nullstring="-" fieldname="PRODUCTDESCRIPTION" vertical-alignment="middle" alignment="left" width="11.11111111111111%" x="55.55555555555556%" y="0" height="14" color="#000000" fontname="SansSerif" fontsize="9"/>
    <number-field name="QUANTITYINSTOCKElement" nullstring="-" fieldname="QUANTITYINSTOCK" vertical-alignment="middle" alignment="right" width="11.11111111111111%" x="66.66666666666667%" y="0" height="14" color="#000000" fontname="SansSerif" fontsize="9"/>
    <number-field name="BUYPRICEElement" nullstring="-" fieldname="BUYPRICE" vertical-alignment="middle" alignment="right" width="11.11111111111111%" x="77.77777777777779%" y="0" height="14" color="#000000" fontname="SansSerif" fontsize="9"/>
    <number-field name="MSRPElement" nullstring="-" fieldname="MSRP" vertical-alignment="middle" alignment="right" width="11.1111111111111%" x="88.8888888888889%" y="0" height="14" color="#000000" fontname="SansSerif" fontsize="9"/>
  </items>
  <functions>
    <function name="backgroundTrigger" class="org.jfree.report.function.ElementVisibilitySwitchFunction">
      <properties>
        <property name="element">rowBandingElement</property>
        <property name="numberOfElements">1</property>
        <property name="initialState">true</property>
      </properties>
    </function>
    <expression class="org.jfree.report.function.HideElementIfDataAvailableExpression" name="DummyGroupNoDataBandElementHideIfNullTrigger">
      <properties>
        <property name="element">DummyGroupNoDataBandElement</property>
      </properties>
    </expression>
    <expression class="org.jfree.report.function.ShowElementIfDataAvailableExpression" name="DummyGroupDataBandElementHideIfNullTrigger">
      <properties>
        <property name="element">DummyGroupDataBandElement</property>
      </properties>
    </expression>
    <expression class="org.jfree.report.function.ShowElementIfDataAvailableExpression" name="dummyGroupFooterHideIfNullTrigger">
      <properties>
        <property name="element">dummyGroupFooter</property>
      </properties>
    </expression>
    <expression class="org.jfree.report.function.ItemSumFunction" name="Summary_QUANTITYINSTOCKExpression">
      <properties>
        <property name="field">QUANTITYINSTOCK</property>
      </properties>
    </expression>
    <expression class="org.jfree.report.function.ItemSumFunction" name="Summary_BUYPRICEExpression">
      <properties>
        <property name="field">BUYPRICE</property>
      </properties>
    </expression>
    <expression class="org.jfree.report.function.ItemSumFunction" name="Summary_MSRPExpression">
      <properties>
        <property name="field">MSRP</property>
      </properties>
    </expression>
  </functions>
</report>
