<?xml version="1.0" encoding="UTF-8"?>

<report bottommargin="12" leftmargin="12" name="Quadrant For GroupLabelField1" orientation="portrait" pageformat="LETTER" rightmargin="12" topmargin="12"> 
  <pagefooter> 
    <message-field alignment="center" fontname="SansSerif" fontsize="10" height="15" width="100%" x="0">Page $(PageofPages)</message-field> 
  </pagefooter>  
  <groups> 
    <group name="REGION">
      <fields>
        <field>REGION</field>
      </fields>
      <groupheader fontname="SansSerif" fontsize="12" fontstyle="bold">
        <rectangle color="#00caca" draw="false" fill="true" height="18" width="100%" x="0" y="0"/>
        <message-field height="18" vertical-alignment="middle" alignment="left" width="100%" x="0" y="0">Region: $(REGION)</message-field>
      </groupheader>
      <groupfooter fontname="SansSerif" fontsize="11" fontstyle="bold" pagebreak-after-print="true">
        <number-field fieldname="REGIONACTUALExpression" height="15" vertical-alignment="middle" alignment="right" width="20%" x="0%" y="0" format="$#,###"/>
        <number-field fieldname="REGIONPOSITIONTITLEExpression" height="15" vertical-alignment="middle" alignment="center" width="40%" x="20%" y="0"/>
        <number-field fieldname="REGIONBUDGETExpression" height="15" vertical-alignment="middle" alignment="right" width="20%" x="60%" y="0" format="$#,###"/>
        <number-field fieldname="REGIONVARIANCEExpression" height="15" vertical-alignment="middle" alignment="right" width="20%" x="80%" y="0" format="$#,###"/>
      </groupfooter>
    </group>
    <group name="DEPARTMENT">
      <fields>
        <field>REGION</field>
        <field>DEPARTMENT</field>
      </fields>
      <groupheader color="black" fontname="SansSerif" fontsize="10" fontstyle="bold" repeat="true">
        <rectangle color="#00ffff" draw="false" fill="true" height="36" width="100%" x="0" y="0"/>
        <message-field height="18" vertical-alignment="middle" alignment="left" width="100%" x="0" y="0">Department: $(DEPARTMENT)</message-field>
        <rectangle color="#00ffff" draw="false" fill="true" height="18" width="100%" x="0" y="18"/>
        <label height="18" vertical-alignment="middle" alignment="right" width="20%" x="0%" y="18">Actual</label>
        <label height="18" vertical-alignment="middle" alignment="center" width="40%" x="20%" y="18">Position</label>
        <label height="18" vertical-alignment="middle" alignment="right" width="20%" x="60%" y="18">Budget</label>
        <label height="18" vertical-alignment="middle" alignment="right" width="20%" x="80%" y="18">Variance</label>
      </groupheader>
      <groupfooter fontname="SansSerif" fontsize="11" fontstyle="bold">
        <number-field fieldname="DEPARTMENTACTUALExpression" height="15" vertical-alignment="middle" alignment="right" width="20%" x="0%" y="0" format="$#,###"/>
        <number-field fieldname="DEPARTMENTPOSITIONTITLEExpression" height="15" vertical-alignment="middle" alignment="center" width="40%" x="20%" y="0"/>
        <number-field fieldname="DEPARTMENTBUDGETExpression" height="15" vertical-alignment="middle" alignment="right" width="20%" x="60%" y="0" format="$#,###"/>
        <number-field fieldname="DEPARTMENTVARIANCEExpression" height="15" vertical-alignment="middle" alignment="right" width="20%" x="80%" y="0" format="$#,###"/>
      </groupfooter>
    </group>
  </groups>  
  <!-- This is what is called 'detail' in JasperReports -->  
  <items fontname="SansSerif" fontsize="10" vertical-alignment="middle"> 
    <number-field fieldname="ACTUAL" height="15" vertical-alignment="middle" alignment="right" width="20%" format="$#,###" x="0%" y="0"/>
    <string-field fieldname="POSITIONTITLE" height="15" vertical-alignment="middle" alignment="center" width="40%" format="" x="20%" y="0"/>
    <number-field fieldname="BUDGET" height="15" vertical-alignment="middle" alignment="right" width="20%" format="$#,###" x="60%" y="0"/>
    <number-field fieldname="VARIANCE" height="15" vertical-alignment="middle" alignment="right" width="20%" format="$#,###" x="80%" y="0"/>
  </items>  
  <functions> 
    <!-- This makes sure, that we can access the parameter as if it was a column from the table -->  
    <property-ref name="GroupField1"/>  
    <function class="org.jfree.report.function.PageOfPagesFunction" name="PageofPages"/>  
    <expression class="org.jfree.report.function.ItemSumFunction" name="REGIONACTUALExpression">
      <properties>
        <property name="field">ACTUAL</property>
        <property name="group">REGION</property>
      </properties>
    </expression>
    <expression class="org.jfree.report.function.ItemCountFunction" name="REGIONPOSITIONTITLEExpression">
      <properties>
        <property name="group">REGION</property>
      </properties>
    </expression>
    <expression class="org.jfree.report.function.ItemSumFunction" name="REGIONBUDGETExpression">
      <properties>
        <property name="field">BUDGET</property>
        <property name="group">REGION</property>
      </properties>
    </expression>
    <expression class="org.jfree.report.function.ItemSumFunction" name="REGIONVARIANCEExpression">
      <properties>
        <property name="field">VARIANCE</property>
        <property name="group">REGION</property>
      </properties>
    </expression>
    <expression class="org.jfree.report.function.ItemSumFunction" name="DEPARTMENTACTUALExpression">
      <properties>
        <property name="field">ACTUAL</property>
        <property name="group">DEPARTMENT</property>
      </properties>
    </expression>
    <expression class="org.jfree.report.function.ItemCountFunction" name="DEPARTMENTPOSITIONTITLEExpression">
      <properties>
        <property name="group">DEPARTMENT</property>
      </properties>
    </expression>
    <expression class="org.jfree.report.function.ItemSumFunction" name="DEPARTMENTBUDGETExpression">
      <properties>
        <property name="field">BUDGET</property>
        <property name="group">DEPARTMENT</property>
      </properties>
    </expression>
    <expression class="org.jfree.report.function.ItemSumFunction" name="DEPARTMENTVARIANCEExpression">
      <properties>
        <property name="field">VARIANCE</property>
        <property name="group">DEPARTMENT</property>
      </properties>
    </expression>
  </functions>  
  <configuration> 
    <property name="org.jfree.report.modules.output.table.html.BodyFragment">true</property> 
  </configuration>  
  <watermark/>
</report>
