<?xml version="1.0" encoding="UTF-8"?>
<report name="Quadrant For Region" pageformat="LETTER" orientation="portrait" leftmargin="36" rightmargin="36" topmargin="36" bottommargin="36"><groups><group name="RegionGroup"><fields><field>REGION</field></fields><groupheader fontname="Arial" fontstyle="bold" fontsize="12"><message-field color="#009999" x="0" y="5" width="100%" height="18" vertical-alignment="middle">Region: $(REGION)</message-field></groupheader><groupfooter pagebreak-after-print="true" fontname="Arial" fontstyle="bold" fontsize="12"><rectangle draw="false" fill="true" x="0" y="0" width="100%" height="15" color="#009999"/><message-field color="white" x="0" y="0" width="55%" height="15" vertical-alignment="middle">$(REGION) Total</message-field><number-field format="$#,##0" fieldname="RegionActual" x="55%" y="0" width="15%" height="15" alignment="right" vertical-alignment="middle"/><number-field format="$#,##0" fieldname="RegionBudget" x="70%" y="0" width="15%" height="15" alignment="right" vertical-alignment="middle"/><number-field format="$#,##0" fieldname="RegionVariance" name="Variance Region Field" x="85%" y="0" width="15%" height="15" alignment="right" vertical-alignment="middle"/><line x1="56%" y1="16" x2="70%" y2="16" width="14%" color="black" weight="0.5"/><line x1="71%" y1="16" x2="85%" y2="16" width="14%" color="black" weight="0.5"/><line x1="86%" y1="16" x2="100%" y2="16" width="14%" color="black" weight="0.5"/><line x1="56%" y1="17" x2="70%" y2="17" width="14%" color="black" weight="0.5"/><line x1="71%" y1="17" x2="85%" y2="17" width="14%" color="black" weight="0.5"/><line x1="86%" y1="17" x2="100%" y2="17" width="14%" color="black" weight="0.5"/><rectangle fill="true" x="0" y="18" width="100%" height="14" color="white"/></groupfooter></group><group name="DepartmentGroup"><fields><field>REGION</field><field>DEPARTMENT</field></fields><groupheader repeat="true" color="white" fontname="Arial" fontstyle="bold" fontsize="10"><rectangle draw="false" fill="true" x="0" y="0" width="100%" height="15" color="#FF6600"/><label x="0" y="0" width="15%" height="15" alignment="left" vertical-alignment="middle">Department</label><label x="15%" y="0" width="40%" height="15" alignment="left" vertical-alignment="middle">Position</label><label x="55%" y="0" width="15%" height="15" alignment="right" vertical-alignment="middle">Actual</label><label x="70%" y="0" width="15%" height="15" alignment="right" vertical-alignment="middle">Budget</label><label x="85%" y="0" width="15%" height="15" alignment="right" vertical-alignment="middle">Variance</label><message-field color="black" x="0" y="16" width="100%" height="15" fontsize="12">$(DEPARTMENT)</message-field></groupheader><groupfooter fontname="Arial" fontstyle="bold" fontsize="11"><rectangle fill="true" x="15%" y="0" width="85%" height="14" color="#66FF66"/><label x="15%" y="0" width="40%" height="14">Total</label><number-field format="$#,##0" fieldname="DepartmentActual" x="55%" y="0" width="15%" height="14" alignment="right"/><number-field format="$#,##0" fieldname="DepartmentBudget" x="70%" y="0" width="15%" height="14" alignment="right"/><number-field format="$#,##0" fieldname="DepartmentVariance" name="Variance Department Field" x="85%" y="0" width="15%" height="14" alignment="right"/><line x1="56%" y1="16" x2="70%" y2="16" width="14%" color="black" weight="0.25"/><line x1="71%" y1="16" x2="85%" y2="16" width="14%" color="black" weight="0.25"/><line x1="86%" y1="16" x2="100%" y2="16" width="14%" color="black" weight="0.25"/><line x1="56%" y1="17" x2="70%" y2="17" width="14%" color="black" weight="0.25"/><line x1="71%" y1="17" x2="85%" y2="17" width="14%" color="black" weight="0.25"/><line x1="86%" y1="17" x2="100%" y2="17" width="14%" color="black" weight="0.25"/><rectangle fill="true" x="0" y="18" width="100%" height="14" color="white"/></groupfooter></group></groups><items fontname="Arial" fontsize="10" vertical-alignment="middle"><string-field fieldname="POSITIONTITLE" x="15%" y="0" width="40%" height="15" vertical-alignment="middle"/><number-field format="$#,##0" fieldname="ACTUAL" x="55%" y="0" width="15%" height="15" alignment="right"/><number-field format="$#,##0" fieldname="BUDGET" x="70%" y="0" width="15%" height="15" alignment="right"/><number-field format="$#,##0" fieldname="VARIANCE" name="Variance Field" x="85%" y="0" width="15%" height="15" alignment="right"/><line x1="15%" y1="16" x2="100%" y2="16" width="85%" height="0" color="gray" weight="0.25"/><line x1="15%" y1="17" x2="100%" y2="17" width="85%" height="0" color="white" weight="0.25"/></items><functions><property-ref name="REGION"/><expression class="org.jfree.report.modules.misc.beanshell.BSHExpression" name="isVarianceNegative"><properties><property name="expression">           Object getValue()           {             Object value = dataRow.get("VARIANCE");             if (value instanceof Number == false)             {               return Boolean.FALSE;             }             Number number = (Number) value;             if (number.doubleValue() &lt; 0)             {               return Boolean.TRUE;             }             return Boolean.FALSE;           }</property></properties></expression><expression class="org.jfree.report.function.ElementColorFunction" name="changeColor"><properties><property name="element">Variance Field</property><property name="field">isVarianceNegative</property><property name="colorTrue">red</property><property name="colorFalse">black</property></properties></expression><expression class="org.jfree.report.modules.misc.beanshell.BSHExpression" name="isDepartmentVarianceNegative"><properties><property name="expression">           Object getValue()           {             Object value = dataRow.get("DepartmentVariance");             if (value instanceof Number == false)             {               return Boolean.FALSE;             }             Number number = (Number) value;             if (number.doubleValue() &lt; 0)             {               return Boolean.TRUE;             }             return Boolean.FALSE;           }</property></properties></expression><expression class="org.jfree.report.function.ElementColorFunction" name="changeDepartmentColor"><properties><property name="element">Variance Department Field</property><property name="field">isDepartmentVarianceNegative</property><property name="colorTrue">red</property><property name="colorFalse">black</property></properties></expression><expression class="org.jfree.report.modules.misc.beanshell.BSHExpression" name="isRegionVarianceNegative"><properties><property name="expression">           Object getValue()           {             Object value = dataRow.get("RegionVariance");             if (value instanceof Number == false)             {               return Boolean.FALSE;             }             Number number = (Number) value;             if (number.doubleValue() &lt; 0)             {               return Boolean.TRUE;             }             return Boolean.FALSE;           }</property></properties></expression><expression class="org.jfree.report.function.ElementColorFunction" name="changeRegionColor"><properties><property name="element">Variance Region Field</property><property name="field">isRegionVarianceNegative</property><property name="colorTrue">red</property><property name="colorFalse">black</property></properties></expression><expression class="org.jfree.report.modules.misc.beanshell.BSHExpression" name="short_dep_name"><properties><property name="expression">           Object getValue()           {             Object value = dataRow.get("DEPARTMENT");             if (value == null)               return null;              if (value.equals("Executive Management"))               return "Executive";             if (value.equals("Human Resource"))               return "HR";           if (value.startsWith("Marketing"))               return "Marketing";           if (value.equals("Product Development"))               return "Dev";           if (value.equals("Professional Services"))               return "Services";              return value;           }</property></properties></expression><expression class="org.jfree.report.function.ItemSumFunction" name="RegionActual"><properties><property name="field">ACTUAL</property><property name="group">RegionGroup</property></properties></expression><expression class="org.jfree.report.function.ItemSumFunction" name="RegionBudget"><properties><property name="field">BUDGET</property><property name="group">RegionGroup</property></properties></expression><expression class="org.jfree.report.function.ItemSumFunction" name="RegionVariance"><properties><property name="field">VARIANCE</property><property name="group">RegionGroup</property></properties></expression><expression class="org.jfree.report.function.ItemSumFunction" name="DepartmentActual"><properties><property name="field">ACTUAL</property><property name="group">DepartmentGroup</property></properties></expression><expression class="org.jfree.report.function.ItemSumFunction" name="DepartmentBudget"><properties><property name="field">BUDGET</property><property name="group">DepartmentGroup</property></properties></expression><expression class="org.jfree.report.function.ItemSumFunction" name="DepartmentVariance"><properties><property name="field">VARIANCE</property><property name="group">DepartmentGroup</property></properties></expression><function class="org.jfree.report.function.PageOfPagesFunction" name="PageofPages"/></functions><configuration><property name="org.jfree.report.modules.output.table.html.BodyFragment">true</property></configuration><pageheader fontname="Arial" fontsize="10"><label x="0" y="2" width="100%" height="15" alignment="right">Page Header</label><label x="0" y="17" width="100%" height="15" alignment="right">Very Lame Header</label></pageheader><pagefooter fontname="Arial" fontsize="10"><label x="0" width="100%" height="15" alignment="center">Lame Label</label><message-field x="0" width="100%" height="15" alignment="right">Page $(PageofPages)</message-field></pagefooter><reportheader><rectangle draw="false" fill="true" x="0" y="0" width="100%" height="20" color="#0000FF"/><label color="white" x="0" y="0" width="100%" height="20" fontname="Arial" fontstyle="bold" fontsize="10" alignment="left" vertical-alignment="middle">Regional Report (Spec)</label></reportheader><reportfooter fontname="Arial" fontsize="10"><label x="0" width="100%" height="15" alignment="center">*** End of Report ***</label></reportfooter></report>