<?xml version="1.0" encoding="UTF-8"?>

<report orientation="landscape" pageformat="LETTER" leftmargin="12" rightmargin="12" topmargin="12" bottommargin="12">
  <watermark>
    <imageref width="100%" height="75%" x="0%" y="30%" scale="true" keepAspectRatio="true" name="watermark" src="watermark.jpg"/>
  </watermark>
  <functions>
    <function name="backgroundTrigger" class="org.jfree.report.function.ElementVisibilitySwitchFunction">
      <properties>
        <property name="element">rowBandingElement</property>
        <property name="numberOfElements">1</property>
      </properties>
    </function>
    <expression class="org.jfree.report.function.ItemSumFunction" name="REGIONACTUALExpression">
      <properties>
        <property name="field">ACTUAL</property>
        <property name="group">REGION</property>
      </properties>
    </expression>
    <expression class="org.jfree.report.function.ItemSumFunction" name="REGIONBUDGETExpression">
      <properties>
        <property name="field">BUDGET</property>
        <property name="group">REGION</property>
      </properties>
    </expression>
    <expression class="org.jfree.report.function.ItemSumFunction" name="REGIONVARIANCEExpression">
      <properties>
        <property name="field">VARIANCE</property>
        <property name="group">REGION</property>
      </properties>
    </expression>
  </functions>
  <items color="#000000" fontname="Tahoma" fontsize="8" fontstyle="plain">
    <rectangle name="rowBandingElement" color="#dadada" draw="true" fill="true" height="10" x="15%" width="85%" y="0"/>
    <message-field height="10" width="15%" x="0%" y="0"/>
    <string-field fieldname="DEPARTMENT" height="10" vertical-alignment="middle" alignment="left" width="25%" format="" x="15%" y="0"/>
    <string-field fieldname="POSITIONTITLE" height="10" vertical-alignment="middle" alignment="left" width="25%" format="" x="40%" y="0"/>
    <number-field fieldname="ACTUAL" height="10" vertical-alignment="middle" alignment="right" width="11%" format="$#,###" x="65%" y="0"/>
    <number-field fieldname="BUDGET" height="10" vertical-alignment="middle" alignment="right" width="11%" format="$#,###" x="76%" y="0"/>
    <number-field fieldname="VARIANCE" height="10" vertical-alignment="middle" alignment="right" width="11%" format="$#,###" x="87%" y="0"/>
  </items>
  <groups>
    <group name="dummy">
      <groupfooter color="#000000" fontname="SansSerif" fontsize="11" fontstyle="bold"/>
    </group>
    <group name="REGION">
      <fields>
        <field>REGION</field>
      </fields>
      <groupheader color="#000000" fontname="" fontsize="22" fontstyle="italic">
        <rectangle color="#54a7a7" draw="false" fill="true" height="45" width="100%" x="0" y="0"/>
        <string-field height="27" format="" fieldname="REGION" vertical-alignment="middle" alignment="left" width="15%" x="0" y="45">$(REGION)</string-field>
        <label color="#000000" fontname="SansSerif" fontsize="12" fontstyle="bold" alignment="left" vertical-alignment="middle" height="45" width="15%" x="0%" y="0">Region</label>
        <label color="#000000" fontname="SansSerif" fontsize="12" fontstyle="bold" height="45" vertical-alignment="middle" alignment="left" width="25%" x="15%" y="0">Department</label>
        <label color="#000000" fontname="SansSerif" fontsize="12" fontstyle="bold" height="45" vertical-alignment="middle" alignment="left" width="25%" x="40%" y="0">Position</label>
        <label color="#000000" fontname="SansSerif" fontsize="12" fontstyle="bold" height="45" vertical-alignment="middle" alignment="right" width="11%" x="65%" y="0">Actual</label>
        <label color="#000000" fontname="SansSerif" fontsize="12" fontstyle="bold" height="45" vertical-alignment="middle" alignment="right" width="11%" x="76%" y="0">Budget</label>
        <label color="#000000" fontname="SansSerif" fontsize="12" fontstyle="bold" height="45" vertical-alignment="middle" alignment="right" width="11%" x="87%" y="0">Variance</label>
      </groupheader>
      <groupfooter color="#000000" fontname="SansSerif" fontsize="11" fontstyle="bold" pagebreak-after-print="false">
        <rectangle color="white" fill="false" height="18" width="0" x="0" y="0"/>
        <message-field height="15" width="15%" x="0%" y="0"/>
        <message-field height="15" width="25%" x="15%" y="2"/>
        <message-field height="15" width="25%" x="40%" y="2"/>
        <number-field fieldname="REGIONACTUALExpression" height="15" vertical-alignment="middle" alignment="right" width="11%" x="65%" y="2" format="$#,###"/>
        <number-field fieldname="REGIONBUDGETExpression" height="15" vertical-alignment="middle" alignment="right" width="11%" x="76%" y="2" format="$#,###"/>
        <number-field fieldname="REGIONVARIANCEExpression" height="15" vertical-alignment="middle" alignment="right" width="11%" x="87%" y="2" format="$#,###"/>
      </groupfooter>
    </group>
  </groups>
</report>
