<?xml version="1.0" encoding="UTF-8"?>
<!DOCTYPE report PUBLIC "-//JFreeReport//DTD report definition//EN//simple/version 0.8.5" "http://jfreereport.sourceforge.net/report-085.dtd">

<report name="JFreeReport-WizardReport" orientation="portrait" pageformat="LETTER" leftmargin="10" rightmargin="10" topmargin="10" bottommargin="10">
  <parser-config>
    <property name="pageheader_line1_right">Page: $(PageofPages)</property>
    <property name="pageheader_line2_right">Run Date: $(report.date)</property>
    <property name="pagefooter_line1_center">Authored by:</property>
    <property name="Report_Title">Report Title</property>
    <property name="watermark">Confidential</property>
    <property name="Group1">REGION</property>
    <property name="Group2">DEPARTMENT</property>
  </parser-config>
  <reportheader/>
  <groups>
    <group name="dummy">
      <groupheader name="dummyGroupHeader" color="#0000ff" fontname="Arial" fontsize="10" fontstyle="bold" repeat="false">
        <label name="noDataLabelElement" height="11" vertical-alignment="middle" alignment="left" width="100%" x="12%" y="0" visible="false">No Data Available</label>
      </groupheader>
      <groupfooter name="dummyGroupFooter" color="#000000" fontname="SansSerif" fontsize="11" fontstyle="bold">
        <rectangle color="#e0d0c0" draw="false" fill="true" height="16" width="100%" y="1" x="12%"/>
        <number-field fieldname="Summary_ACTUALExpression" height="15" vertical-alignment="middle" alignment="right" width="22.0%" x="34.0%" y="2"/>
        <number-field fieldname="Summary_BUDGETExpression" height="15" vertical-alignment="middle" alignment="right" width="22.0%" x="56.0%" y="2"/>
        <number-field fieldname="Summary_VARIANCEExpression" height="15" vertical-alignment="middle" alignment="right" width="22.0%" x="78.0%" y="2"/>
        <message-field height="15" x="12%" width="22.0%" y="2" alignment="left" vertical-alignment="middle">Grand Total</message-field>
      </groupfooter>
    </group>
    <group name="REGION">
      <fields>
        <field>REGION</field>
      </fields>
      <groupheader name="REGIONGroupHeader" repeat="false" pagebreak-before-print="false" pagebreak-after-print="false"/>
      <groupfooter name="REGIONGroupFooter" color="#000000" fontname="SansSerif" fontsize="11" fontstyle="bold" pagebreak-before-print="false" pagebreak-after-print="false">
        <rectangle color="#c0d0e0" draw="false" fill="true" height="16" width="100%" y="1" x="12%"/>
        <number-field fieldname="REGIONACTUALExpression" height="15" vertical-alignment="middle" alignment="right" width="22.0%" x="34.0%" y="2"/>
        <number-field fieldname="REGIONBUDGETExpression" height="15" vertical-alignment="middle" alignment="right" width="22.0%" x="56.0%" y="2"/>
        <number-field fieldname="REGIONVARIANCEExpression" height="15" vertical-alignment="middle" alignment="right" width="22.0%" x="78.0%" y="2"/>
        <message-field height="15" x="12%" width="22.0%" y="2" alignment="left" vertical-alignment="middle">Total</message-field>
      </groupfooter>
    </group>
    <group name="DEPARTMENT">
      <fields>
        <field>REGION</field>
        <field>DEPARTMENT</field>
      </fields>
      <groupheader name="DEPARTMENTGroupHeader" repeat="false" pagebreak-before-print="false" pagebreak-after-print="false" color="#0000ff" fontname="Arial" fontsize="10" fontstyle="bold" height="20">
        <rectangle color="#0000a0" draw="false" fill="true" height="18" width="100%" x="12%" y="0"/>
        <label color="#ffffff" fontname="Arial" fontsize="10" fontstyle="bold" height="18" vertical-alignment="middle" alignment="left" width="22.0%" x="12.0%" y="0">POSITIONTITLE</label>
        <label color="#ffffff" fontname="Arial" fontsize="10" fontstyle="bold" height="18" vertical-alignment="middle" alignment="right" width="22.0%" x="34.0%" y="0">ACTUAL</label>
        <label color="#ffffff" fontname="Arial" fontsize="10" fontstyle="bold" height="18" vertical-alignment="middle" alignment="right" width="22.0%" x="56.0%" y="0">BUDGET</label>
        <label color="#ffffff" fontname="Arial" fontsize="10" fontstyle="bold" height="18" vertical-alignment="middle" alignment="right" width="22.0%" x="78.0%" y="0">VARIANCE</label>
      </groupheader>
      <groupfooter name="DEPARTMENTGroupFooter" color="#000000" fontname="SansSerif" fontsize="11" fontstyle="bold" pagebreak-before-print="false" pagebreak-after-print="false">
        <rectangle color="#c0d0e0" draw="false" fill="true" height="16" width="100%" y="1" x="12%"/>
        <number-field fieldname="DEPARTMENTACTUALExpression" height="15" vertical-alignment="middle" alignment="right" width="22.0%" x="34.0%" y="2"/>
        <number-field fieldname="DEPARTMENTBUDGETExpression" height="15" vertical-alignment="middle" alignment="right" width="22.0%" x="56.0%" y="2"/>
        <number-field fieldname="DEPARTMENTVARIANCEExpression" height="15" vertical-alignment="middle" alignment="right" width="22.0%" x="78.0%" y="2"/>
        <message-field height="15" x="12%" width="22.0%" y="2" alignment="left" vertical-alignment="middle">Total</message-field>
      </groupfooter>
    </group>
  </groups>
  <items color="#000000" fontname="SansSerif" fontsize="9" fontstyle="bold">
    <rectangle name="rowBandingElement" color="#f2f2ff" draw="false" fill="true" height="11" x="12%" width="100%" y="0"/>
    <string-field name="POSITIONTITLEElement" nullstring="-" fieldname="POSITIONTITLE" vertical-alignment="middle" alignment="left" width="22.0%" x="12.0%" y="0" height="11"/>
    <number-field name="ACTUALElement" nullstring="-" fieldname="ACTUAL" vertical-alignment="middle" alignment="right" width="22.0%" x="34.0%" y="0" height="11"/>
    <number-field name="BUDGETElement" nullstring="-" fieldname="BUDGET" vertical-alignment="middle" alignment="right" width="22.0%" x="56.0%" y="0" height="11"/>
    <number-field name="VARIANCEElement" nullstring="-" fieldname="VARIANCE" vertical-alignment="middle" alignment="right" width="22.0%" x="78.0%" y="0" height="11"/>
  </items>
  <functions>
    <function name="backgroundTrigger" class="org.jfree.report.function.ElementVisibilitySwitchFunction">
      <properties>
        <property name="element">rowBandingElement</property>
        <property name="numberOfElements">1</property>
        <property name="initialState">true</property>
      </properties>
    </function>
    <function name="headerEVSF_POSITIONTITLE" class="org.pentaho.jfreereport.functions.ItemHideFunction">
      <properties>
        <property name="element">POSITIONTITLEElement</property>
        <property name="field">POSITIONTITLE</property>
        <property name="ignoreGroupBreaks">true</property>
        <property name="ignorePageBreaks">true</property>
      </properties>
    </function>
    <expression class="org.jfree.report.function.HideElementIfDataAvailableExpression" name="noDataLabelElementHideIfNullTrigger">
      <properties>
        <property name="element">noDataLabelElement</property>
      </properties>
    </expression>
    <expression class="org.jfree.report.function.ShowElementIfDataAvailableExpression" name="dummyGroupFooterHideIfNullTrigger">
      <properties>
        <property name="element">dummyGroupFooter</property>
      </properties>
    </expression>
    <expression class="org.jfree.report.function.ItemSumFunction" name="Summary_ACTUALExpression">
      <properties>
        <property name="field">ACTUAL</property>
      </properties>
    </expression>
    <expression class="org.jfree.report.function.ItemSumFunction" name="Summary_BUDGETExpression">
      <properties>
        <property name="field">BUDGET</property>
      </properties>
    </expression>
    <expression class="org.jfree.report.function.ItemSumFunction" name="Summary_VARIANCEExpression">
      <properties>
        <property name="field">VARIANCE</property>
      </properties>
    </expression>
    <expression class="org.jfree.report.function.ShowElementIfDataAvailableExpression" name="REGIONGroupHeaderHideIfNullTrigger">
      <properties>
        <property name="element">REGIONGroupHeader</property>
      </properties>
    </expression>
    <expression class="org.jfree.report.function.ShowElementIfDataAvailableExpression" name="REGIONGroupFooterHideIfNullTrigger">
      <properties>
        <property name="element">REGIONGroupFooter</property>
      </properties>
    </expression>
    <expression class="org.jfree.report.function.ItemSumFunction" name="REGIONACTUALExpression">
      <properties>
        <property name="field">ACTUAL</property>
        <property name="group">REGION</property>
      </properties>
    </expression>
    <expression class="org.jfree.report.function.ItemSumFunction" name="REGIONBUDGETExpression">
      <properties>
        <property name="field">BUDGET</property>
        <property name="group">REGION</property>
      </properties>
    </expression>
    <expression class="org.jfree.report.function.ItemSumFunction" name="REGIONVARIANCEExpression">
      <properties>
        <property name="field">VARIANCE</property>
        <property name="group">REGION</property>
      </properties>
    </expression>
    <expression class="org.jfree.report.function.ShowElementIfDataAvailableExpression" name="DEPARTMENTGroupHeaderHideIfNullTrigger">
      <properties>
        <property name="element">DEPARTMENTGroupHeader</property>
      </properties>
    </expression>
    <expression class="org.jfree.report.function.ShowElementIfDataAvailableExpression" name="DEPARTMENTGroupFooterHideIfNullTrigger">
      <properties>
        <property name="element">DEPARTMENTGroupFooter</property>
      </properties>
    </expression>
    <expression class="org.jfree.report.function.ItemSumFunction" name="DEPARTMENTACTUALExpression">
      <properties>
        <property name="field">ACTUAL</property>
        <property name="group">DEPARTMENT</property>
      </properties>
    </expression>
    <expression class="org.jfree.report.function.ItemSumFunction" name="DEPARTMENTBUDGETExpression">
      <properties>
        <property name="field">BUDGET</property>
        <property name="group">DEPARTMENT</property>
      </properties>
    </expression>
    <expression class="org.jfree.report.function.ItemSumFunction" name="DEPARTMENTVARIANCEExpression">
      <properties>
        <property name="field">VARIANCE</property>
        <property name="group">DEPARTMENT</property>
      </properties>
    </expression>
  </functions>
</report>
