<?xml version="1.0" encoding="UTF-8"?>

<action-sequence xmlns:xsi="http://www.w3.org/2001/XMLSchema-instance">  
  <name>JFree.action.xml</name>  
  <version>1</version>  
  <title>%title</title>  
  <documentation> 
    <author>Michael D'Amour</author>  
    <description><![CDATA[%description]]></description>  
    <icon>JFree.png</icon>  
    <help>just testing...</help>  
    <result-type>report</result-type> 
  </documentation>  
  <inputs> 
    <output-type type="string"> 
      <default-value>html</default-value>  
      <sources> 
        <request>type</request> 
      </sources> 
    </output-type> 
  </inputs>  
  <outputs> 
    <!-- an output stream will be provided by default --> 
  </outputs>  
  <resources> 
    <!-- use this section to identify any files that the component needs to execute the report -->  
    <report-definition> 
      <solution-file> 
        <location>JFree.xml</location>  
        <mime-type>text/xml</mime-type> 
      </solution-file> 
    </report-definition> 
  </resources>  
  <actions> 
    <action-definition> 
      <action-inputs> 
        <output-type type="string"/> 
      </action-inputs>  
      <component-name>org.pentaho.jfree.JFreeReportComponent</component-name>  
      <action-type>report</action-type>  
      <component-definition> 
        <source>sql</source>  
        <live>true</live>  
        <jndi>SampleData</jndi>  
        <query>select QUADRANT_ACTUALS.REGION, QUADRANT_ACTUALS.DEPARTMENT, QUADRANT_ACTUALS.POSITIONTITLE, QUADRANT_ACTUALS.ACTUAL, QUADRANT_ACTUALS.BUDGET, QUADRANT_ACTUALS.VARIANCE from QUADRANT_ACTUALS order by QUADRANT_ACTUALS.REGION,QUADRANT_ACTUALS.DEPARTMENT</query> 
      </component-definition> 
    </action-definition> 
  </actions> 
</action-sequence>
