<?xml version="1.0" encoding="UTF-8"?>

<report name="JFreeReport-WizardReport" orientation="landscape" pageformat="LETTER" leftmargin="10" rightmargin="10" topmargin="10" bottommargin="10">

  <parser-config>
    <property name="Company_Name"><!-- label -->Pentaho Corporation</property>
    <property name="Company_Phone"><!-- label -->407-812-OPEN</property>
    <property name="Actual"><!-- item -->ACTUAL</property>
    <property name="Budget"><!-- item -->BUDGET</property>
    <property name="Department_Group"><!-- group -->DEPARTMENT</property>
  </parser-config>

  <groups>
    <group name="dummy">
      <groupheader repeat="true" color="#000000" fontname="SansSerif" fontsize="11" fontstyle="bold" height="35">
        <rectangle color="#808080" draw="false" fill="true" height="33" width="100%" x="0" y="0"/>
        <label color="#D0D0D0" fontname="SansSerif" fontsize="12" fontstyle="bold" height="14" vertical-alignment="middle" alignment="left" width="20%" x="0%" y="14">Department</label>
        <label color="#D0D0D0" fontname="SansSerif" fontsize="12" fontstyle="bold" height="14" vertical-alignment="middle" alignment="right" width="10%" x="20%" y="14">Actual</label>
        <label color="#D0D0D0" fontname="SansSerif" fontsize="12" fontstyle="bold" height="14" vertical-alignment="middle" alignment="right" width="10%" x="30%" y="14">Budget</label>
        <label color="#D0D0D0" fontname="SansSerif" fontsize="12" fontstyle="bold" height="14" vertical-alignment="middle" alignment="right" width="10%" x="40%" y="14">Actual</label>
        <label color="#D0D0D0" fontname="SansSerif" fontsize="12" fontstyle="bold" height="14" vertical-alignment="middle" alignment="right" width="10%" x="50%" y="14">Budget</label>
        <label color="#D0D0D0" fontname="SansSerif" fontsize="12" fontstyle="bold" height="14" vertical-alignment="middle" alignment="right" width="10%" x="60%" y="14">Actual</label>
        <label color="#D0D0D0" fontname="SansSerif" fontsize="12" fontstyle="bold" height="14" vertical-alignment="middle" alignment="right" width="10%" x="70%" y="14">Budget</label>
        <label color="#D0D0D0" fontname="SansSerif" fontsize="12" fontstyle="bold" height="14" vertical-alignment="middle" alignment="right" width="10%" x="80%" y="14">Actual</label>
        <label color="#D0D0D0" fontname="SansSerif" fontsize="12" fontstyle="bold" height="14" vertical-alignment="middle" alignment="right" width="10%" x="90%" y="14">Budget</label>
        <label color="#D0D0D0" fontname="SansSerif" fontsize="12" fontstyle="bold" height="14" vertical-alignment="middle" alignment="left" width="20%" x="0%" y="0"/>
        <label color="#D0D0D0" fontname="SansSerif" fontsize="12" fontstyle="bold" height="14" vertical-alignment="middle" alignment="right" width="20%" x="20%" y="0">Central</label>
        <label color="#D0D0D0" fontname="SansSerif" fontsize="12" fontstyle="bold" height="14" vertical-alignment="middle" alignment="right" width="20%" x="40%" y="0">Eastern</label>
        <label color="#D0D0D0" fontname="SansSerif" fontsize="12" fontstyle="bold" height="14" vertical-alignment="middle" alignment="right" width="20%" x="60%" y="0">Southern</label>
        <label color="#D0D0D0" fontname="SansSerif" fontsize="12" fontstyle="bold" height="14" vertical-alignment="middle" alignment="right" width="20%" x="80%" y="0">Western</label>
      </groupheader>
      <groupfooter color="#000000" fontname="SansSerif" fontsize="11" fontstyle="bold">
        <rectangle color="white" fill="false" height="18" width="0" x="0" y="0"/>
        <number-field fieldname="Summary_Central/Actual/MeasuresExpression" height="15" vertical-alignment="middle" alignment="right" width="10%" x="20%" y="2" format="$#,##0"/>
        <number-field fieldname="Summary_Central/Budget/MeasuresExpression" height="15" vertical-alignment="middle" alignment="right" width="10%" x="30%" y="2" format="$#,##0"/>
        <number-field fieldname="Summary_Eastern/Actual/MeasuresExpression" height="15" vertical-alignment="middle" alignment="right" width="10%" x="40%" y="2" format="$#,##0"/>
        <number-field fieldname="Summary_Eastern/Budget/MeasuresExpression" height="15" vertical-alignment="middle" alignment="right" width="10%" x="50%" y="2" format="$#,##0"/>
        <number-field fieldname="Summary_Southern/Actual/MeasuresExpression" height="15" vertical-alignment="middle" alignment="right" width="10%" x="60%" y="2" format="$#,##0"/>
        <number-field fieldname="Summary_Southern/Budget/MeasuresExpression" height="15" vertical-alignment="middle" alignment="right" width="10%" x="70%" y="2" format="$#,##0"/>
        <number-field fieldname="Summary_Western/Actual/MeasuresExpression" height="15" vertical-alignment="middle" alignment="right" width="10%" x="80%" y="2" format="$#,##0"/>
        <number-field fieldname="Summary_Western/Budget/MeasuresExpression" height="15" vertical-alignment="middle" alignment="right" width="10%" x="90%" y="2" format="$#,##0"/>
        <message-field height="15" width="20%" x="0%" y="2" alignment="left" vertical-alignment="middle">Grand Total</message-field>
      </groupfooter>
    </group>
  </groups>
  <items color="#000000" fontname="SansSerif" fontsize="9" fontstyle="bold">
    <rectangle name="rowBandingElement" color="#E0E0E0" draw="false" fill="true" height="11" x="0" width="100%" y="0"/>
    <string-field name="Header 1Element" fieldname="Header 1" height="11" vertical-alignment="middle" alignment="left" width="20%" x="0%" y="0"/>
    <number-field name="Central/Actual/MeasuresElement" fieldname="Central/Actual/Measures" format="$#,##0" height="11" vertical-alignment="middle" alignment="right" width="10%" x="20%" y="0"/>
    <number-field name="Central/Budget/MeasuresElement" fieldname="Central/Budget/Measures" format="$#,##0" height="11" vertical-alignment="middle" alignment="right" width="10%" x="30%" y="0"/>
    <number-field name="Eastern/Actual/MeasuresElement" fieldname="Eastern/Actual/Measures" format="$#,##0" height="11" vertical-alignment="middle" alignment="right" width="10%" x="40%" y="0"/>
    <number-field name="Eastern/Budget/MeasuresElement" fieldname="Eastern/Budget/Measures" format="$#,##0" height="11" vertical-alignment="middle" alignment="right" width="10%" x="50%" y="0"/>
    <number-field name="Southern/Actual/MeasuresElement" fieldname="Southern/Actual/Measures" format="$#,##0" height="11" vertical-alignment="middle" alignment="right" width="10%" x="60%" y="0"/>
    <number-field name="Southern/Budget/MeasuresElement" fieldname="Southern/Budget/Measures" format="$#,##0" height="11" vertical-alignment="middle" alignment="right" width="10%" x="70%" y="0"/>
    <number-field name="Western/Actual/MeasuresElement" fieldname="Western/Actual/Measures" format="$#,##0" height="11" vertical-alignment="middle" alignment="right" width="10%" x="80%" y="0"/>
    <number-field name="Western/Budget/MeasuresElement" fieldname="Western/Budget/Measures" format="$#,##0" height="11" vertical-alignment="middle" alignment="right" width="10%" x="90%" y="0"/>
  </items>
  <functions>
    <function name="backgroundTrigger" class="org.jfree.report.function.ElementVisibilitySwitchFunction">
      <properties>
        <property name="element">rowBandingElement</property>
        <property name="numberOfElements">1</property>
        <property name="initialState">true</property>
      </properties>
    </function>
    <expression class="org.jfree.report.function.ItemSumFunction" name="Summary_Central/Actual/MeasuresExpression">
      <properties>
        <property name="field">Central/Actual/Measures</property>
      </properties>
    </expression>
    <expression class="org.jfree.report.function.ItemSumFunction" name="Summary_Central/Budget/MeasuresExpression">
      <properties>
        <property name="field">Central/Budget/Measures</property>
      </properties>
    </expression>
    <expression class="org.jfree.report.function.ItemSumFunction" name="Summary_Eastern/Actual/MeasuresExpression">
      <properties>
        <property name="field">Eastern/Actual/Measures</property>
      </properties>
    </expression>
    <expression class="org.jfree.report.function.ItemSumFunction" name="Summary_Eastern/Budget/MeasuresExpression">
      <properties>
        <property name="field">Eastern/Budget/Measures</property>
      </properties>
    </expression>
    <expression class="org.jfree.report.function.ItemSumFunction" name="Summary_Southern/Actual/MeasuresExpression">
      <properties>
        <property name="field">Southern/Actual/Measures</property>
      </properties>
    </expression>
    <expression class="org.jfree.report.function.ItemSumFunction" name="Summary_Southern/Budget/MeasuresExpression">
      <properties>
        <property name="field">Southern/Budget/Measures</property>
      </properties>
    </expression>
    <expression class="org.jfree.report.function.ItemSumFunction" name="Summary_Western/Actual/MeasuresExpression">
      <properties>
        <property name="field">Western/Actual/Measures</property>
      </properties>
    </expression>
    <expression class="org.jfree.report.function.ItemSumFunction" name="Summary_Western/Budget/MeasuresExpression">
      <properties>
        <property name="field">Western/Budget/Measures</property>
      </properties>
    </expression>
  </functions>
  <configuration>
    <property name="org.jfree.report.layout.fontrenderer.UseMaxCharBounds">true</property>
  </configuration>
</report>
