<pentaho-system>

	<log-file>server.log</log-file>
	<log-level>DEBUG</log-level>

	<objects>
		<IContentRepository scope="session">org.pentaho.repository.content.ContentRepository</IContentRepository>
		<ISolutionEngine scope="global">org.pentaho.core.solution.SolutionEngine</ISolutionEngine>
		<IRuntimeRepository scope="session">org.pentaho.core.repository.SimpleRuntimeRepository</IRuntimeRepository>
		<ISolutionRepository scope="session">org.pentaho.repository.filebased.solution.SolutionRepository</ISolutionRepository>
		<IAuditEntry scope="session">org.pentaho.core.audit.AuditFileEntry</IAuditEntry>
	</objects>

	<publishers>
	</publishers>


    <audit>
      <auditLogFile>/PentahoAuditLog.log</auditLogFile>
      <id_separator><![CDATA[\t]]></id_separator>
      <auditDateFormat>yyyy/MM/dd k:mm:ss</auditDateFormat>
    </audit>	
	<system-listeners>
		<globalObjects>org.pentaho.core.system.GlobalObjectInitializer</globalObjects>
       		<jfree-report>org.pentaho.plugin.jfreereport.JFreeReportSystemListener</jfree-report>
		<!--kettle>org.pentaho.plugin.kettle.KettleSystemListener</kettle-->
		<mondrian>org.pentaho.plugin.olap.MondrianSystemListener</mondrian>
		<!-- Insert system-listeners -->
	</system-listeners>

	<solution-repository>
		<cache-size>0</cache-size>
	</solution-repository>

	<system-actions>
	</system-actions>

	<login-url></login-url>

</pentaho-system>